{"cameraMode":{"drawMode":0,"name":"Shaded","section":"Shading Mode"},"sceneLighting":false,"audioPlay":false,"sceneViewState":{"m_AlwaysRefresh":false,"showFog":true,"showSkybox":false,"showFlares":true,"showImageEffects":true,"showParticleSystems":true,"showVisualEffectGraphs":true,"m_FxEnabled":true},"in2DMode":false,"pivot":{"x":0.06723074615001679,"y":0.5300439596176148,"z":-16.310991287231447},"rotation":{"x":0.7060381770133972,"y":0.003186737187206745,"z":-0.0031771925278007986,"w":0.7081595063209534},"size":5.450726509094238,"orthographic":true}